{
  "project_info": {
    "project_number": "875636985513",
    "project_id": "otramas-48be8",
    "storage_bucket": "otramas-48be8.appspot.com"
  },
  "client": [
    {
      "client_info": {
        "mobilesdk_app_id": "1:875636985513:android:ab1b8e748fe62e40c923b8",
        "android_client_info": {
          "package_name": "com.nose.otramas"
        }
      },
      "oauth_client": [
        {
          "client_id": "875636985513-57td426eq630f1018963un6vtf568tp0.apps.googleusercontent.com",
          "client_type": 3
        }
      ],
      "api_key": [
        {
          "current_key": "AIzaSyC3Hvw9Xn4JH0Vb5JR_ZNTbJoiScZLK2b4"
        }
      ],
      "services": {
        "appinvite_service": {
          "other_platform_oauth_client": [
            {
              "client_id": "875636985513-57td426eq630f1018963un6vtf568tp0.apps.googleusercontent.com",
              "client_type": 3
            }
          ]
        }
      }
    }
  ],
  "configuration_version": "1"
}